-- phpMyAdmin SQL Dump
-- version 5.2.1
-- https://www.phpmyadmin.net/
--
-- Servidor: 127.0.0.1
-- Tiempo de generación: 29-10-2024 a las 04:01:39
-- Versión del servidor: 10.4.32-MariaDB
-- Versión de PHP: 8.2.12

SET SQL_MODE = "NO_AUTO_VALUE_ON_ZERO";
START TRANSACTION;
SET time_zone = "+00:00";


/*!40101 SET @OLD_CHARACTER_SET_CLIENT=@@CHARACTER_SET_CLIENT */;
/*!40101 SET @OLD_CHARACTER_SET_RESULTS=@@CHARACTER_SET_RESULTS */;
/*!40101 SET @OLD_COLLATION_CONNECTION=@@COLLATION_CONNECTION */;
/*!40101 SET NAMES utf8mb4 */;

--
-- Base de datos: `bdtienda`
--

-- --------------------------------------------------------

--
-- Estructura de tabla para la tabla `categorias`
--

CREATE TABLE `categorias` (
  `id_categoria` int(11) NOT NULL,
  `nombre_categoria` varchar(50) NOT NULL
) ENGINE=InnoDB DEFAULT CHARSET=utf8mb4 COLLATE=utf8mb4_general_ci;

--
-- Volcado de datos para la tabla `categorias`
--

INSERT INTO `categorias` (`id_categoria`, `nombre_categoria`) VALUES
(4, 'Accesorios'),
(3, 'Anzuelos'),
(1, 'Cañas'),
(2, 'Carretes');

-- --------------------------------------------------------

--
-- Estructura de tabla para la tabla `clientes`
--

CREATE TABLE `clientes` (
  `id_cliente` int(11) NOT NULL,
  `nombre` varchar(100) NOT NULL,
  `email` varchar(100) NOT NULL,
  `telefono` varchar(15) DEFAULT NULL,
  `direccion` text DEFAULT NULL
) ENGINE=InnoDB DEFAULT CHARSET=utf8mb4 COLLATE=utf8mb4_general_ci;

--
-- Volcado de datos para la tabla `clientes`
--

INSERT INTO `clientes` (`id_cliente`, `nombre`, `email`, `telefono`, `direccion`) VALUES
(1, 'Juan Perez', 'juanperez@example.com', '555-1234', 'Av. Siempreviva 123'),
(2, 'Maria Gomez', 'mariagomez@example.com', '555-5678', 'Calle Falsa 456');

-- --------------------------------------------------------

--
-- Estructura de tabla para la tabla `detalle_ventas`
--

CREATE TABLE `detalle_ventas` (
  `id_detalle` int(11) NOT NULL,
  `id_venta` int(11) DEFAULT NULL,
  `id_producto` int(11) DEFAULT NULL,
  `cantidad` int(11) NOT NULL,
  `precio_unitario` decimal(10,2) NOT NULL
) ENGINE=InnoDB DEFAULT CHARSET=utf8mb4 COLLATE=utf8mb4_general_ci;

--
-- Volcado de datos para la tabla `detalle_ventas`
--

INSERT INTO `detalle_ventas` (`id_detalle`, `id_venta`, `id_producto`, `cantidad`, `precio_unitario`) VALUES
(1, 1, 1, 2, 50.00),
(2, 2, 2, 3, 30.00);

-- --------------------------------------------------------

--
-- Estructura de tabla para la tabla `metodos_pago`
--

CREATE TABLE `metodos_pago` (
  `id_metodo_pago` int(11) NOT NULL,
  `tipo_pago` varchar(50) NOT NULL
) ENGINE=InnoDB DEFAULT CHARSET=utf8mb4 COLLATE=utf8mb4_general_ci;

--
-- Volcado de datos para la tabla `metodos_pago`
--

INSERT INTO `metodos_pago` (`id_metodo_pago`, `tipo_pago`) VALUES
(1, 'Efectivo'),
(2, 'Tarjeta de Crédito'),
(3, 'Transferencia Bancaria');

-- --------------------------------------------------------

--
-- Estructura de tabla para la tabla `productos`
--

CREATE TABLE `productos` (
  `id_producto` int(11) NOT NULL,
  `nombre` varchar(100) NOT NULL,
  `descripcion` text DEFAULT NULL,
  `precio` decimal(10,2) NOT NULL,
  `stock` int(11) NOT NULL,
  `id_categoria` int(11) DEFAULT NULL,
  `id_proveedor` int(11) DEFAULT NULL
) ENGINE=InnoDB DEFAULT CHARSET=utf8mb4 COLLATE=utf8mb4_general_ci;

--
-- Volcado de datos para la tabla `productos`
--

INSERT INTO `productos` (`id_producto`, `nombre`, `descripcion`, `precio`, `stock`, `id_categoria`, `id_proveedor`) VALUES
(1, 'Caña de pescar', 'Caña de alta resistencia', 50.00, 10, 1, 1),
(2, 'Carrete de pesca', 'Carrete de aluminio', 30.00, 15, 2, 2),
(3, 'Anzuelo triple', 'Anzuelo resistente', 5.00, 50, 3, 1);

-- --------------------------------------------------------

--
-- Estructura de tabla para la tabla `proveedores`
--

CREATE TABLE `proveedores` (
  `id_proveedor` int(11) NOT NULL,
  `nombre` varchar(100) NOT NULL,
  `telefono` varchar(15) DEFAULT NULL,
  `email` varchar(100) NOT NULL,
  `direccion` text DEFAULT NULL
) ENGINE=InnoDB DEFAULT CHARSET=utf8mb4 COLLATE=utf8mb4_general_ci;

--
-- Volcado de datos para la tabla `proveedores`
--

INSERT INTO `proveedores` (`id_proveedor`, `nombre`, `telefono`, `email`, `direccion`) VALUES
(1, 'ProveePesca', '555-9988', 'contacto@proveepesca.com', 'Av. Oceánica 123'),
(2, 'PescaSuministros', '555-7766', 'ventas@pescasuministros.com', 'Calle Marítima 456');

-- --------------------------------------------------------

--
-- Estructura de tabla para la tabla `usuarios`
--

CREATE TABLE `usuarios` (
  `id_usuario` int(11) NOT NULL,
  `nombre_usuario` varchar(50) NOT NULL,
  `contrasena` varchar(255) NOT NULL,
  `perfil` enum('Root','Secretaria','Gerente','Empleado') NOT NULL
) ENGINE=InnoDB DEFAULT CHARSET=utf8mb4 COLLATE=utf8mb4_general_ci;

--
-- Volcado de datos para la tabla `usuarios`
--

INSERT INTO `usuarios` (`id_usuario`, `nombre_usuario`, `contrasena`, `perfil`) VALUES
(1, 'secretaria1', 'secretaria', 'Secretaria'),
(2, 'empleado1', 'empleado', 'Empleado'),
(3, 'gerente1', 'gerente', 'Gerente'),
(5, 'root', 'root', 'Root'),
(6, 'empleado2', 'empleado', 'Empleado');

-- --------------------------------------------------------

--
-- Estructura de tabla para la tabla `ventas`
--

CREATE TABLE `ventas` (
  `id_venta` int(11) NOT NULL,
  `id_cliente` int(11) DEFAULT NULL,
  `fecha` date DEFAULT curdate(),
  `id_metodo_pago` int(11) DEFAULT NULL,
  `total` decimal(10,2) NOT NULL
) ENGINE=InnoDB DEFAULT CHARSET=utf8mb4 COLLATE=utf8mb4_general_ci;

--
-- Volcado de datos para la tabla `ventas`
--

INSERT INTO `ventas` (`id_venta`, `id_cliente`, `fecha`, `id_metodo_pago`, `total`) VALUES
(1, 1, '2024-10-01', 1, 100.00),
(2, 2, '2024-10-02', 2, 150.00);

--
-- Índices para tablas volcadas
--

--
-- Indices de la tabla `categorias`
--
ALTER TABLE `categorias`
  ADD PRIMARY KEY (`id_categoria`),
  ADD UNIQUE KEY `nombre_categoria` (`nombre_categoria`);

--
-- Indices de la tabla `clientes`
--
ALTER TABLE `clientes`
  ADD PRIMARY KEY (`id_cliente`),
  ADD UNIQUE KEY `email` (`email`);

--
-- Indices de la tabla `detalle_ventas`
--
ALTER TABLE `detalle_ventas`
  ADD PRIMARY KEY (`id_detalle`),
  ADD KEY `id_venta` (`id_venta`),
  ADD KEY `id_producto` (`id_producto`);

--
-- Indices de la tabla `metodos_pago`
--
ALTER TABLE `metodos_pago`
  ADD PRIMARY KEY (`id_metodo_pago`),
  ADD UNIQUE KEY `tipo_pago` (`tipo_pago`);

--
-- Indices de la tabla `productos`
--
ALTER TABLE `productos`
  ADD PRIMARY KEY (`id_producto`),
  ADD KEY `id_categoria` (`id_categoria`),
  ADD KEY `id_proveedor` (`id_proveedor`);

--
-- Indices de la tabla `proveedores`
--
ALTER TABLE `proveedores`
  ADD PRIMARY KEY (`id_proveedor`),
  ADD UNIQUE KEY `email` (`email`);

--
-- Indices de la tabla `usuarios`
--
ALTER TABLE `usuarios`
  ADD PRIMARY KEY (`id_usuario`),
  ADD UNIQUE KEY `nombre_usuario` (`nombre_usuario`);

--
-- Indices de la tabla `ventas`
--
ALTER TABLE `ventas`
  ADD PRIMARY KEY (`id_venta`),
  ADD KEY `id_cliente` (`id_cliente`),
  ADD KEY `id_metodo_pago` (`id_metodo_pago`);

--
-- AUTO_INCREMENT de las tablas volcadas
--

--
-- AUTO_INCREMENT de la tabla `categorias`
--
ALTER TABLE `categorias`
  MODIFY `id_categoria` int(11) NOT NULL AUTO_INCREMENT, AUTO_INCREMENT=5;

--
-- AUTO_INCREMENT de la tabla `clientes`
--
ALTER TABLE `clientes`
  MODIFY `id_cliente` int(11) NOT NULL AUTO_INCREMENT, AUTO_INCREMENT=3;

--
-- AUTO_INCREMENT de la tabla `detalle_ventas`
--
ALTER TABLE `detalle_ventas`
  MODIFY `id_detalle` int(11) NOT NULL AUTO_INCREMENT, AUTO_INCREMENT=3;

--
-- AUTO_INCREMENT de la tabla `metodos_pago`
--
ALTER TABLE `metodos_pago`
  MODIFY `id_metodo_pago` int(11) NOT NULL AUTO_INCREMENT, AUTO_INCREMENT=4;

--
-- AUTO_INCREMENT de la tabla `productos`
--
ALTER TABLE `productos`
  MODIFY `id_producto` int(11) NOT NULL AUTO_INCREMENT, AUTO_INCREMENT=25;

--
-- AUTO_INCREMENT de la tabla `proveedores`
--
ALTER TABLE `proveedores`
  MODIFY `id_proveedor` int(11) NOT NULL AUTO_INCREMENT, AUTO_INCREMENT=3;

--
-- AUTO_INCREMENT de la tabla `usuarios`
--
ALTER TABLE `usuarios`
  MODIFY `id_usuario` int(11) NOT NULL AUTO_INCREMENT, AUTO_INCREMENT=7;

--
-- AUTO_INCREMENT de la tabla `ventas`
--
ALTER TABLE `ventas`
  MODIFY `id_venta` int(11) NOT NULL AUTO_INCREMENT, AUTO_INCREMENT=3;

--
-- Restricciones para tablas volcadas
--

--
-- Filtros para la tabla `detalle_ventas`
--
ALTER TABLE `detalle_ventas`
  ADD CONSTRAINT `detalle_ventas_ibfk_1` FOREIGN KEY (`id_venta`) REFERENCES `ventas` (`id_venta`),
  ADD CONSTRAINT `detalle_ventas_ibfk_2` FOREIGN KEY (`id_producto`) REFERENCES `productos` (`id_producto`);

--
-- Filtros para la tabla `productos`
--
ALTER TABLE `productos`
  ADD CONSTRAINT `productos_ibfk_1` FOREIGN KEY (`id_categoria`) REFERENCES `categorias` (`id_categoria`),
  ADD CONSTRAINT `productos_ibfk_2` FOREIGN KEY (`id_proveedor`) REFERENCES `proveedores` (`id_proveedor`);

--
-- Filtros para la tabla `ventas`
--
ALTER TABLE `ventas`
  ADD CONSTRAINT `ventas_ibfk_1` FOREIGN KEY (`id_cliente`) REFERENCES `clientes` (`id_cliente`),
  ADD CONSTRAINT `ventas_ibfk_2` FOREIGN KEY (`id_metodo_pago`) REFERENCES `metodos_pago` (`id_metodo_pago`);
COMMIT;

/*!40101 SET CHARACTER_SET_CLIENT=@OLD_CHARACTER_SET_CLIENT */;
/*!40101 SET CHARACTER_SET_RESULTS=@OLD_CHARACTER_SET_RESULTS */;
/*!40101 SET COLLATION_CONNECTION=@OLD_COLLATION_CONNECTION */;
